filename,ahash,phash,dhash
0001.JPEG,7bf018088880fffe,dd6dc6329b211a96,a2c371723a3986e0
0002.JPEG,40e1e0e0c0c0e1e3,e91ca778a4d15716,860340031313834f
0003.JPEG,ffffff07a1180000,daa85a542a36f5a5,1dbb1e5f47307031
0004.JPEG,ff7ff0f0c0000007,a0bea349bb6d894a,5ffda5248880829f
0005.JPEG,e3ff7f3f2f100000,86a2786c37bdf111,cfe5d8defee33218
0006.JPEG,1c3e3f3b063e0606,968932507d6fa9b2,f8f8eb62b4c4cc2c
0007.JPEG,87beff1900300000,8dd53533303dc3f0,0e62e0739943271f
0008.JPEG,008efcffe9f81800,d9b62e492982ce6e,363c2d9853c2f023
0009.JPEG,00f0d0808183ffff,b84fc6201f3d7cc2,038311331b3f9ef1
0010.JPEG,fffffec080010001,fad1cd6a6134071b,8130749c19273f57
0011.JPEG,3fc08080ffff7f3c,dd7f00828a0b8f9f,7106130704f0f8e8
0012.JPEG,ff233d3e1e1c0000,9be365dd94c4d822,724be9ec78b1333e
0013.JPEG,fdfffffe18124000,d09b600e4bf0797b,e9ac9cb060b69090
0014.JPEG,8380e0241e7303ff,a67ba9a4962be0b4,270b8d6cfce6e73e
0015.JPEG,1ffefefcc1000002,df931629b9a288e9,7c28c00913630f3e
0016.JPEG,9f1f0e0605848e0f,9f9d9dca8c774600,30305c0cdd5d5c14
0017.JPEG,fffc0018078300f3,dd81d2b68159b527,d86172b24f662002
0018.JPEG,f80fbf1f3f0f0700,9cda70a1c54eced4,9098687cf6ffbeb8
0019.JPEG,317e3ffffb000000,86865679ab9a2dac,63ec6ef9e3eeecbf
0020.JPEG,febe0303015d0000,98fdded8c88cc861,306c3eb79bb9f4d8
0021.JPEG,ffafccc78f000001,bf91048da566d1ce,e61a190b5a322727
0022.JPEG,9390b08181c3ffff,ee5ed43519c0a44f,266565312b074771
0023.JPEG,2c4e3e3c716d0f03,83d631e24c8d8fcd,ccdc78f1e1c99b56
0024.JPEG,ff0b6d2efb490021,a1962cc8e756dae2,36d3cd4ecb938ace
0025.JPEG,f7fffffaf8600000,e4e622c0f7209bde,cc87a3a200d08703
0026.JPEG,efef7f09010d011f,aae8f02a6b159755,9b9fd87b8dfd1fef
0027.JPEG,00ffffefefbc0800,b3a01c5f63584e73,1c9c8ccd4860300c
0028.JPEG,fffe70381c8080c0,df82f01b1b6d6a0a,f8e8e4646831101c
0029.JPEG,ffbfffbf8f070703,bfc8863ac3c770e0,652d93491d3c6c46
0030.JPEG,7f9f8f0100289d01,9b8cc3c36486c779,f1332a271759792b
0031.JPEG,f0e0f0f0f0e0c0c0,e0c03e1fc5ce8ecc,80808080c0410103
0032.JPEG,7ffdf8f831c10107,cac8b36a855d3b34,f1c1b16267093b5e
0033.JPEG,f0f88080938787cf,ff4bd2864137131c,41613157766c2c1c
0034.JPEG,07072320f0f0f0f8,e325b03cdb249739,ffdfce4423a08249
0035.JPEG,5f1e871f3d320301,9d98b1c08aa8f6fa,b87c75f179e6a24b
0036.JPEG,ffff3c1e0d464080,8387e7a13e579149,4ee7f17cf9dcdd17
0037.JPEG,3c60e3800001ffff,eb47c60e1e9ea8b0,e0c00b1917a72580
0038.JPEG,ffe4ffe1600080f1,ebc49c52c1b994cb,848c2fcbc52d2bc3
0039.JPEG,ebe1b8bf3f3f00c3,8fe97114b71c864e,56d3616e6d6ef516
0040.JPEG,8efefefeff1f0101,8bd429b33332e663,1830e0f8d9f9f333
0041.JPEG,1c3cfcfcbc180800,daca213575f1b521,69e1e9392828f89a
0042.JPEG,ffcf08183e0000ff,9d89b966c64d6f10,cc1e7370ec453a3a
0043.JPEG,3c7810a3e7fce080,e70959d3a72e4e50,c8d2236fcc800000
0044.JPEG,2800005a7e7eee00,902d3bc30fb54e93,d9b4b2aec8d4cccc
0045.JPEG,df80e0fcf8e0c0c0,ffaef8889890b0a5,2f030e7053820208
0046.JPEG,f0e0800183c3e377,ee5fc4688e03886f,c100695d2f97cfe6
0047.JPEG,ffffffdf00000100,eef6b02191808eef,870665374b238337
0048.JPEG,f3d7878c8ccfe200,fcac64895bc5894b,a7252e1c391a8e24
0049.JPEG,ffffffff80000000,c08080942f7f7f5f,bef800c100080007
0050.JPEG,f0b0c1c083170707,fecb128761e8a929,816417154f6d353d
0051.JPEG,fdfefcf840040010,d2cd8d26c8099afe,638618d18d8d1d33
0052.JPEG,33ffde060000e3e0,f592ef0b06a51c1d,47099c8c46811606
0053.JPEG,f2fefc3e18c844f0,e08fe6190ee0e73c,a62000e43498a88c
0054.JPEG,3078fffc7020c210,c6c719234ebc1fb0,61c8e464e4cc96b0
0055.JPEG,ff9f8c0c2e6c6465,93bceac0a1433d2f,9c307058ced8c9cb
0056.JPEG,fffbf9e30000c0e0,ebaaca1ab091de58,4dc3438f99191909
0057.JPEG,7e7e6f0000060604,92c1d6964e36786d,d4c89af8fcbcfc7c
0058.JPEG,d181c1c1c1c3c3ff,ea4a9f30d8a5a46e,3703071707170f0b
0059.JPEG,f8dcf6c787a7e0e0,fe98482738e4c357,a1b16caf3c4f4701
0060.JPEG,1b1ffcf1c193979f,acc19d2ce1c7cd70,b2b690c38b272736
0061.JPEG,e404fffff9870131,eaf04272e9f0e6c1,0dac8b9b236d89c3
0062.JPEG,3f1f093f1f0f0f07,9b4a74ac86a76965,6f395b6d7f3b1ede
0063.JPEG,7f3f2838070301f0,8196b9b686699673,ece8d0f3edb79382
0064.JPEG,3f3f170703030703,ae93918954aaedd4,f9feefaf6767efb6
0065.JPEG,0701c1fffe980107,aafd2a5d95a0d870,5f1711b28c212f9f
0066.JPEG,f8ccff9c80880404,d0e0617f4e8fa5a4,92988c38313a28a8
0067.JPEG,810143b383c3e3fb,ad129d79dee49094,5b4f8f672b8bc6f2
0068.JPEG,e0e0fcfc3e08e0e0,d1d8630d8eea3966,099198f070988ec8
0069.JPEG,1c3d7e7e1e3e3600,96886b3178d4c797,f0e1e4b47cec6ce8
0070.JPEG,f1f1d1d04040427e,e0eec771d06cb883,a363a3a3889e86c4
0071.JPEG,f8e0800020712f1f,a37899e3de3ac811,810c992dc4c7cf78
0072.JPEG,800000c0c0e0ffff,f81c877abed58190,21a1b23515010407
0073.JPEG,c0f8fcfc1e060000,d2f96d3e169384c4,079390682c2c5b3b
0074.JPEG,7f03f82e3e791304,87f2388d96c5c8d6,fea7c1cc6cf366fc
0075.JPEG,9fdfffc140000001,bcbc835058fb9714,3cb6261bb4c6c2f3
0076.JPEG,7f47001c3e18030f,98f0a09e9b3c4eb3,bd9c86307871b7df
0077.JPEG,783a02063c7c7e7e,c46dcdcada726498,f2f2e6ccf8c8dcf4
0078.JPEG,fff7b0064f676060,e19fc4b1315c486f,ea4e619a9f8b8387
0079.JPEG,3f7e7cfc70600000,c1923f741fb8a83c,78c881d1d0959773
0080.JPEG,ffdf9f030001070f,bfd09065cda7cc09,b2b93a3b737f5c78
0081.JPEG,0714c0800077ffff,f43696823ff56092,8cb494166baa9666
0082.JPEG,3c3c3c3c3c3c1c0c,9ac6636c6498e733,6969697979797969
0083.JPEG,fff9b80111010103,aaddd5ae1c341139,326371a5a3671f1b
0084.JPEG,001a0c7f7f03c3fb,ab156d26c63b0a5b,87f239aded670fc3
0085.JPEG,fe081d303830313b,8fb0edd6c5c291a8,c06bfbe1e2606563
0086.JPEG,00041e1e1e1e1c80,9664699b6c91b26d,2cac7c7cfc797832
0087.JPEG,ecfdb0ff800000ff,dfcbc07393045c2e,5951616848048c80
0088.JPEG,0059110004153fff,8849f913f166e64b,98d3f7a6d96d669d
0089.JPEG,ffe7e7e6c6808080,f796085930c7cee1,a50e4c4c1c01030d
0090.JPEG,ffc3ffff81001800,eab11d4ca5c4b21f,f03349c207697173
0091.JPEG,0501f1ff3b1f0330,aa22301e97f3d467,3dd3cb4d633c07e0
0092.JPEG,7ff3f7ffff000000,ada52d59991965c5,e74f47f31003ff23
0093.JPEG,e8e26175692f9f2c,836a7fdd4a8a03c9,59269bcd9acc38d9
0094.JPEG,fffc612501818183,eac2d5dd87272928,7270c16d2333171f
0095.JPEG,3c9fff9f81990101,afd4554a37d34162,68346a7c7333336f
0096.JPEG,fefc981810381800,dcf1f5c6719d0320,983031b0a06030b2
0097.JPEG,42f0f0f0c4c0e000,e086073037cd9e3f,cea666849d959367
0098.JPEG,fffefcfefc600000,d2d42d499c2eea72,e0e0c8e400c1e71e
0099.JPEG,1e7fff74200030b0,c6919c1f195e38f2,70e890c84c6c6c66
0100.JPEG,060b010303fe7e3e,952996d12693ec6e,5eb262de06d2f8e4
0101.JPEG,7efe3f1702034200,848fd5544ea8af3c,e4e8eff514d6948c
0102.JPEG,ffcfdf03000080a0,bfb0d74243a9c554,9a2c16578543564c
0103.JPEG,df72e5008081c2c7,fd80b4099cbd8adc,36d6cd2a311b1606
0104.JPEG,ffff1f0000000000,948ce7c36f163994,e2b2b4a0b25accb6
0105.JPEG,c7838f0f000003e3,bcfcfc40e0a1c353,16361c3ef1fa7707
0106.JPEG,fc20010000f0ffff,c34fd7c121dcc8b8,40483345d38070fc
0107.JPEG,0f1f07006f0e0100,b0babf81606676a6,bf7a3cbd9af87302
0108.jpeg,e3f6f7e00000c0f8,f7a4c231493a8e6d,ca44270a5a1a1901
0109.JPEG,ffffff6002030101,a6df9d341e5a1234,244619c1848517ff
0110.JPEG,00000fffffffff00,a27878f3d4dca303,070fffa6cdc82dee
0111.JPEG,fffff3c60003030d,add68b0d52e4cd0b,e370c68c3876b77b
0112.JPEG,ffffe30309000000,a1f0d1dbaba464ca,969c86e7db46c679
0113.JPEG,000e1f0f0f070707,9759434e698eae85,d8dcfededeeceece
0114.JPEG,fffdfef0e0c000c3,eb8b9723a2159517,c10b508381000016
0115.JPEG,fcff773f87810000,bec0435f47406c77,c07ca7f73f37190e
0116.JPEG,f7fb4f030701e0f0,e4a1c4ce96659cd6,e783951f6d238624
0117.JPEG,ffffff0b00000000,a397d35349c9e921,484c4f737ec33b03
0118.JPEG,fffbf0e0c001070f,efec89395190f0d2,63630606491f5fde
0119.JPEG,18f8ffcf90b0a0ff,de5a4b1e3819878d,7101601a2420404c
0120.JPEG,10101818ffffffff,8c4c66e6a31b71e3,25b3b3f3ec3a78dd
0121.JPEG,3f07973b01210103,aab655c2c0cee2f1,6d5f2fe3c7cd6bf3
0122.JPEG,feecce8cfe8000f3,ffd7e763c108a480,4a581c1818332d23
0123.JPEG,ffff6361180fc0e0,ad80f49fc7701cc3,32a687c3703a1b07
0124.JPEG,00b0d8ffbf070680,bfcd680281b07a5f,d06332de6c2d0c44
0125.JPEG,ede1e1e1c3810103,ebe111bac0c9cfc4,1b1b4393072d3fff
0126.JPEG,ffffff00001047fc,c09b821e5b396e9e,69c1a41a20a7bf80
0127.jpeg,e09fffffc0700000,e8fd615063c341b7,833727110ea0a3c3
0128.jpeg,071f7f7f77610000,83943c271ea3e59e,9edecfc3c6cfcb39
0129.jpeg,e07ffffffce00000,e7e62064757d4c1c,0eed700030031ef8
0130.JPEG,ff77700000607033,82bd8691bfc8c44f,ddcfe73749ccc1e7
0131.JPEG,ffbf8f818582c0e0,be9dc1a24369b45a,ea3c3e1b2d1c1303
0132.JPEG,ffff7b000003010f,85d6b1b55c7ab00b,bccecb71f0fefbfe
0133.JPEG,1f070704f8fff71f,b422accddca495e6,375b8cfc4812863c
0134.JPEG,782effff6f070300,92c34c52d9ccd27b,90dcffb6d9cd3716
0135.JPEG,fffff9618080c0c0,eb87d41c1e8a8a8f,a4c7c3494b020010
0136.JPEG,00fefefe7c383000,d8b7294a362f1c27,3510f0f0f9f1e393
0137.JPEG,dfff070000000080,b9b9bc807c0e270f,3e1ecf24d0c4731c
0138.JPEG,fffef86000000000,c1d19dbca666632a,1a10c0cce58ba7ca
0139.JPEG,80f0fecc89800fff,fc54872ef83ce40c,34485414312f7896
0140.JPEG,f0dfdfdf3c1800c0,dcfc7607c45c8d09,24ad33b5e060f09e
0141.JPEG,7f7f0e0f0f1d1e07,99e1c68aa7177c54,e0f93c5e97b37c6e
0142.JPEG,020406030a1303ff,a552ea2595259977,06a42c9a3af6c7c7
0143.jpeg,fffff207008081e3,edd4e95aa0215ee4,82a466df16590303
0144.JPEG,3fe7c1c0df54c484,b0a19790975a5a3f,feae17b2b6b4bc1c
0145.JPEG,1f0f1b7ef4f000e0,c09d38e3e21de8f2,f87ab7d4c4e27181
0146.JPEG,7fff2373fe000078,86ad9950d80e2fd7,b4a667e78c65edd1
0147.JPEG,03ffffffff3c3800,cba42b522d5b32ad,dfca1ee2e3e9e92b
0148.jpeg,c2416d804000ffff,f038fc70dcbd6181,9699d92298942000
0149.JPEG,00f0ffff7f1f0701,b1c77e0d2139ae91,0300ecd8de7f3f0f
0150.JPEG,010f7efce08000ff,aa0a2f2eee6aca4a,4ffef00000000316
0151.JPEG,287d040000007fff,835bcb5bd9195990,d9e93c4fb453da9c
0152.jpeg,000047bffefcfa7f,e723285e9f9eb024,66cf8f6a6400e2c6
0153.JPEG,41617bff3f1f0000,81e17110faf89e5e,9bd3c30764a4b46c
0154.JPEG,7ffff0c400000103,85d2891db633e729,fcf0c31cb6fafbe6
0155.jpeg,0107bfff7f1e0e04,95aa7660604feb0f,9f3e7fffdffefc7c
0156.JPEG,81e1703237372317,a67b39a79c23c708,1387e76466eecfb7
0157.jpeg,ffffffff38000400,d6ed224dc9b22707,c2140e9870e50ccd
0158.jpeg,ff9b0f0f940c0080,b8a8ef92a6a381e6,5b33bb9d3599693b
0159.JPEG,3e7ff8006f0700f0,c594cd14d33eb472,f8e08018ccf70f00
0160.JPEG,ff7b7d35c0c00000,8a893df52682fad8,ddc3d1c59e107863
0161.jpeg,fafe9f0fa08000c1,fdc5c14da138aa63,9260293e6c22380f
0162.jpeg,0a18f860e3c2c2fe,e50f9c30a223cadf,b23260c68e869e64
0163.JPEG,80decef0781e1c08,d8f01c0e6b6e3539,313498c1e1687011
0164.JPEG,ff00009bc3e0f0ff,e819c633bc87d06e,52b2b536168b47a5
0165.JPEG,03031f1f0c048efe,9b2b64319bba6616,dfd36d79b8181810
0166.JPEG,fff7e4e485c0c080,e386edb9b8f0b101,57cdc90c1d060202
0167.JPEG,0333f3e3f3030303,add71506d62bb60c,cfe3c70be7ef6317
0168.JPEG,97979fe77100c0e0,ac9e364cc373984e,2526378ba3330f8e
0169.jpeg,ff7e1f6161213101,ab9115c761a8bb8e,beec3393c36f633f
0170.JPEG,607cff7b0f0301f7,82d16132fb6db436,8fd8e4f3dddd074f
0171.JPEG,f0e0c0c30387d7ff,fe4bc206c43cff10,23090b26d66f3505
0172.jpeg,7e7f3f9ec4c00000,d895c3743d7e1a22,d4d2f9381ca5a3c3
0173.JPEG,077fff7838040000,8080373f4f4dc6e7,ef8da4f0f8dc9d47
0174.JPEG,323006068187ffff,9444ce6f26d424fb,64e4949c0f373037
0175.JPEG,fcfefbb706060000,b5c94a361beae039,d1d0826e7e4c2d59
0176.JPEG,fffffcfa00400000,d1df97e0a4c4701b,c4501894868e4030
0177.JPEG,0458707e7f78f8a0,c0307fb2b7c53c25,1da9a3c0c4a9c34b
0178.JPEG,ff36090d0161e1ff,a354c56296eba92d,c4e41379d5db4b4e
0179.JPEG,ffbf05000c0c00ff,9f8fee90e161905a,62646dc6f81c0e16
0180.jpeg,ffdebe3d09080000,9c84f4b982838bef,943464f1bb1b160e
0181.JPEG,ffff1f3c18010204,99e5b1e8c2b52c39,a7d0526831331e79
0182.JPEG,f3fffd0703040000,a6ceeb3d2527094c,232dd52e361d0f87
0183.JPEG,00007f7e7cb98387,9a507c4b908dadd7,bbb8b4d8d9636b2f
0184.jpeg,0613879af7051f8f,be451042d5997ba7,b4266e746635353c
0185.JPEG,c0c0c49cbcf0f8ff,fa3260ea9e58e4b2,0d0d8c3171438170
0186.JPEG,3efef2fc3e0c2000,d7dc3c128ec3782c,fc6e06c8e0d0c947
0187.JPEG,7876be988080c000,c6c3e16868d89ed6,83cc606125238349
0188.jpeg,ffffff4e020c0800,d2eeea143dc8e425,3b498d9adcecd9db
0189.JPEG,0e7cffff03030000,9dda523011b9a7a7,58f063320e0f1787
0190.JPEG,fff89f84400080ff,fcc4a743f43e8438,2e51342c92d3331f
0191.JPEG,df73c781c1c1c1c1,f88e81c9193b3b33,33e70d190115979f
0192.JPEG,fb4f3f7103070307,a4c9b925c9cc9e36,d39bedc5ce6ecefe
0193.JPEG,0000fcfcff7e0080,d1c83f11ed43c13b,0000c0c08ad80d06
0194.JPEG,ffedc1c3070383ff,abd2cc1f947c2b0a,6cc99b1f5d5b1713
0195.JPEG,f8f9ffbdc0600101,cbca2a62589f933c,e1e3f07323c5671f
0196.JPEG,eecc8800dcdcc0c0,fa17f09407748778,4c19186834151303
0197.JPEG,ffff3360c181848c,e8c094f4c096adef,879b63c183171d38
0198.JPEG,ffffd8d8f0e02000,fe9893ce9f01207c,f810913023e14848
0199.jpeg,ffff3f0c00000001,9f96e4615312aaab,cc767d787a070773
0200.JPEG,f7fffee6fe000000,e0c42f2af57528dc,86c4829694930f0e
0201.JPEG,03130b0f0f0d11e3,a905ef12f10af13b,c7e3f3bb99f96307
0202.JPEG,e48c888080e5d1c0,fe07f09606fc834c,4c5913480c0d3303
0203.JPEG,fc1f7df800018307,fac8b47eeaf0c220,1530d151691d1e1e
0204.JPEG,c0b078018cdc7c7c,d26dc1763361784d,8820d3093c9cc8c8
0205.JPEG,ffecf880c0e0e0e0,e3dfc0a8ae9d8cc0,004850080d838d87
0206.JPEG,ece1f8c8c0c0c0c0,f8c2f2369a19d951,090790182a240801
0207.JPEG,7f20fcf8f03000ff,c283a101c2bfbdf3,c3e1004081e32785
0208.JPEG,5a0fc6ce18001818,9da70d49d8d067cc,b2d68eb83556b232
0209.jpeg,e3c381f3fe822103,afe929f194223b07,1b134f6754064f2f
0210.JPEG,3f3f1f0b1f030387,9d84d687c9616b5a,6064b5f6fb773f1d
0211.JPEG,7cffffc780034103,b6c7cf5c7641810e,e04ccc0c2d168787
0212.JPEG,08187f7b7c2030fc,c1195e5ec1a1ab9e,78f0f2d2f0c1c000
0213.JPEG,0e0e068183cfffff,bd16839b3aca9307,383c4c333718429b
0214.JPEG,f8c5decee2c20180,f09a0e65c515dcce,f4bdb89a868e8706
0215.JPEG,8286a08080c8f7ff,ff5784390d245b86,463c4c4a1b1b0e2d
0216.JPEG,67ff7f0f00180000,8ca1634d73279697,cbb3fc6f34f4f62f
0217.JPEG,60010383e3673737,a37802d1ff1154e7,d88b8b0b4ececa6a
0218.JPEG,f33f3c908000f4ff,d7a7a17f686818d0,434ef824290924f8
0219.JPEG,ffffbf87918081c1,ae97e06a272393cc,45216c6b75310307
0220.JPEG,0e040c008080ffff,f9139278ce8119de,98991a62221a1f20
0221.JPEG,8080009cfefffefc,df7e6ca19b9d0402,0201603858e0f0f0
0222.JPEG,fcffe1c181004743,e8cb95cc7a9261b8,a0e3d5a53363be9f
0223.JPEG,7f1f1b038898c080,ad8585c3e3e4c571,c632f2a53933af1f
0224.JPEG,82fef830a0fcc0c1,f4177452277d8b60,0ce4f66241b13207
0225.JPEG,fff7c2c00000003f,b5f5864e8858a96d,e0cc969233dea5ff
0226.JPEG,ff0f0501050701ff,aa59dd52cd24d61a,929badb7edcd2ff7
0227.JPEG,fcff48793f780000,c8d07fc7834a683e,c03499dbf4d1c11f
0228.JPEG,41037ae2f0e0e0ff,e1050b7bee73984a,93ded286828a88c3
0229.JPEG,0001053f0782ffff,ae0bc978c35b3256,c3e7e96b1c1e30cc
0230.JPEG,ffcf2d8182808180,fe9198d6c5c2c389,581d594f662c2f27
0231.JPEG,ffe1434371c8c0e0,e0a5cedb8f9094b1,6a879687c3909983
0232.JPEG,df3f7c3b03030307,8dcab27d3261c34d,1d71f1f23676363c
0233.JPEG,080081033210ffff,ac2b901c8eb06fcf,b39b0f4766769ce0
0234.JPEG,1c7e6606848fc1f0,d504cb1b7e393872,f9c4cc9c283b0b03
0235.JPEG,ffffc3818181f1ff,eeb5c01ab14e34d9,040727071b276311
0236.JPEG,7fff1f0100c0f0f0,b588d5703b117b2d,bafeff7f0f088400
0237.JPEG,ffffc3c1800000ff,ea81855ff2708f49,9ead270531653517
0238.JPEG,181a3f678f07078c,b5c55a38d823867b,f272d6de9e3e1e39
0239.JPEG,20903e9e87c1e1f3,9e1e656395979126,4d6178783d194786
0240.JPEG,ffffe70101200023,e3d8d5c7897ba030,e0888dc3c74f4acf
0241.JPEG,fefefef8f8e080c0,d7c5b0c6c83ac789,a466c488c248291b
0242.JPEG,1e067efce18888c0,da943528e9dbcc62,30ece4780b331b1b
0243.JPEG,ff3f30ffbc800000,ee80e0fec2e14d5c,64f8e68e31231f41
0244.JPEG,fe7f7f000327000c,9785d2c75a68ab8c,58bcfe3376cecc7d
0245.JPEG,3f3f0b4e0d7c7818,8197cec33fc8384d,e8ccd3dcdb99d3f3
0246.JPEG,f9ffdfc781810307,aac885ebaae91939,f3a4b52d2b331e0e
0247.JPEG,ffffffc720008080,fb8df84a49336544,13365c5c49a9392a
0248.JPEG,f6fc9f9f070390d0,bc93e426e69cb819,c4c93b304ca66627
0249.JPEG,de0c70f8b1858fff,ded0913fc1e8b486,9058a483653d3e06
0250.JPEG,c081fcb050c0c38f,fec7b57802e7c084,07234169b1330f39
0251.JPEG,1ffff7060e000000,a586ac35313a69f3,76e5656c5e528356
0252.JPEG,7f7f067038090218,8bb29a8bca643b1b,f9fa9cc7f1d3f671
0253.JPEG,c0808880c0f8fcfe,ff0fc0e034a15c9b,9264781a1292c920
0254.JPEG,ffef2e0383010103,afd5879ab9089247,594ece9f5b79770f
0255.JPEG,1f3efcc4c0c0c1e3,f49c832c3139cde3,b470301c0426070f
0256.JPEG,fffffda000090500,fff6d8b074aa8a00,1d084946129b3933
0257.JPEG,3f3f7f460003c760,a68d8f6744b2ecc8,667cb88cc50f8dc1
0258.JPEG,ffff000000000000,e8c0c1eeee70704f,05f0ea2723070fc4
0259.JPEG,ff0b010081838fdf,bda393bfd0908634,1f5bafb137233b3c
0260.JPEG,ffff9f8681818100,bf90c18b1dc331e3,38272e343b1b4b0e
0261.JPEG,fedfc1f3c3c10000,fcd4d2c085c7720f,8426351617974347
0262.JPEG,06021b979783c7ff,b405513697b68d8f,2ebef72e6f361e1e
0263.JPEG,3f73f362fefc3810,c4a52cd3332bf28e,eee6a6ced898e1e3
0264.JPEG,fffed8c0e0e0f0f8,ccb48f67a86ca98c,0624b08286c2c1f1
0265.JPEG,783f830303070706,a7c8d68f48e47878,e4441e5e4b4e4e3c
0266.JPEG,7f7f00018181e1e7,eb19c1ea90691f33,9bb77b190d0f8bc6
0267.JPEG,00f4fef2fecac200,f5e602a00ffd1f90,848404028c1296e0
0268.JPEG,f8f8c08080e0fcff,f868894fa75a32b2,c38319000800606c
0269.JPEG,7ffff00818201f1f,95f1ba8319195dcc,d8ece492ea6cf2f0
0270.JPEG,bfc3830504818183,af8bbd47826b2c0c,6b3f275dcd17071f
0271.JPEG,ffe8fcb081c0e078,e898c1b0af8796bc,8293b0600785c3c1
0272.JPEG,e7e3a12001c1df9f,e7e4f1a080932e9f,8e0f47c6a7871b5a
0273.JPEG,fcf080c4c3072fff,f648c9a1d99236dc,f0c1241c1f0e4cc0
0274.JPEG,febf9292fe80c000,d49efaa3c56450c5,bc602426401d16f0
0275.JPEG,ffffe1a0000183c7,bfc2950b542d7874,62eb03454d1b1b1e
0276.JPEG,feffffe900c08080,fb81f4704b53f00e,08230f5b719e2b27
0277.JPEG,00050d7fee4037bf,82713e74d48e396b,0c2dbbe088a8ef2f
0278.JPEG,efe767381f0c0703,b0c1f29a4b4b8dad,998cd6d13b383c3f
0279.JPEG,df87c77f78301000,8eb139cec1d83e2c,3b1e9fc1e3612193
0280.JPEG,ffffc0c0c0c0c0e0,f88f8194a33ba72a,a331111104050f07
0281.JPEG,7f7f3e90c02081e0,8e979162ac3d4793,f8fc6826814f0fc6
0282.JPEG,9bfbf3e1e1e0e0e0,e5af95114b33329c,7273274b4bce8e86
0283.JPEG,fcc3f3fd050180e0,e2d05512dacec67c,489e87f11d4b6f03
0284.JPEG,240072ff7f1e003c,85e65e8a96c59ce1,6c8c86ecd6f0caec
0285.JPEG,feff6c0037030101,a0d1f9ad5669b426,dcd48889c477332b
0286.JPEG,8003073fdf68e0c0,f11e634d9e472172,40779f70b992930f
0287.JPEG,7ffff7c383800000,e382863f3b639c46,dded941b0a2a0101
0288.JPEG,fefcec595fcf8800,98c757940459d3d7,ec48999397b93b31
0289.jpeg,7fffbc0080c8e0e0,cf8fa0311657996a,cce36168299bc6c7
0290.JPEG,00020efffff802ff,d5121b48ce39da37,f1de189ac68b5a5b
0291.JPEG,ffe080a0f436073f,d7f98086cb9b9c28,590c334b656c6c6d
0292.JPEG,201881d8ccce40ff,d04fa452cf61b536,c3f032321c9c8ccc
0293.JPEG,ffc6fff2200c4000,f3a4b05967cc9983,269cd9e64b9998c5
0294.JPEG,0004040303fefcf8,d23ac3342dc62de9,3e39b92f8fe4c880
0295.JPEG,ffff9efc7c380000,d0b52fc2e05d3535,e9f33298c4f97107
0296.JPEG,80b8fcfd0d00c1c3,fadf652083e06c71,472000d9f9b39b1f
0297.JPEG,3f30f0f0fc5c4001,c2ce2d9abe6d9882,6141c185ddb9cb07
0298.JPEG,00207e3e2e850400,97c56c7a5a8c8596,aedcd6e8686a6897
0299.JPEG,efdec44ec6000103,b0d2abe5a40e76e4,8e989cbc8ede3397
0300.JPEG,1c1c8c9cde8f9983,989a0b8d955a73f1,b0b0b830b63a3336
0301.JPEG,0038bf99d8c0c1e7,ee0f63681423b6f4,c46068333511074e
0302.JPEG,fcfc4fdfe1e1c1c0,e3d55263c6688d6c,c0dc96b64f531327
0303.JPEG,fffefe0000d83000,d4b1b2b93bc0f0c6,1c3cc4363610e424
0304.JPEG,000030f0e0c107ff,e34e9e33cfce2018,f31da1401b9f0e82
0305.JPEG,3fffc43c7c400000,d2cf2d89831765a9,e53288e9d998283b
0306.JPEG,ffffa1e17000001c,ebaf9250f92c701c,154b6743c1cde9f8
0307.JPEG,fef0670703030707,a5c2d24c3fbf2d80,6485cf6bef372f1f
0308.JPEG,efcf878f410000e7,aab8e541a1beb662,9f173d3f9b953d0f
0309.JPEG,90103efe9e080000,ddcc6a48d1e3b324,21b47c5a7211c318
0310.JPEG,82ffff2f09070309,abd67c3839271748,36c4c84bdbcbd313
0311.JPEG,0f070f87072b073b,abb08c27f870c997,bf2d5d3f4b4b6df7
0312.JPEG,7ffffb93cec440e0,f58dc3128b65964d,d83e36221c0c8403
0313.JPEG,e0f0feff66020000,f4d26a2523fb9941,8c0490ccc43606c1
0314.JPEG,f8f2fb3233610707,e5e5da62cc38c21e,81821266e6cf3c3d
0315.JPEG,feb28707001f3e20,fefec5c14092a2c3,aa664d6d63f2e0c0
0316.JPEG,0303ce300080ffff,fd15b03ec4da5ac0,2e8e386066331be5
0317.JPEG,ff0f000084c5f1f8,e9b6c9b6c6c54246,f81f5bb21d91c2f3
0318.JPEG,cf03203e78c30701,a1e139f1d891f343,9a27cdf0c1165eff
0319.JPEG,ffffe03001038381,a6d1919d0e6f6962,f8d889676f3f2f27
0320.jpeg,8404fe99d9ddc1e7,f81623688f6b92e5,4d9c7c3333b197ce
0321.JPEG,ff3ffba1000080c0,ea879421dae6e878,cc6c434913070f1d
0322.JPEG,1efdfc70610383ff,cada9c34056c53db,b03169c7cf8f2638
0323.JPEG,ffc7c1e383c3c3ef,a5caca9486c6ca6f,e49e9b8e0e9e964b
0324.JPEG,ffffffff888080c1,ff81a01fcb24b13a,1a183863581c1d07
0325.JPEG,3f3f090c070f0707,93ca87a75449dd26,f8f9d9b96f7a5e5c
0326.JPEG,001870b931879fff,8f405033cfbe64c7,82b2c263433e3cf2
0327.JPEG,f08080410607c1f7,f65ced33c0698076,03141d8d4c5d0b86
0328.JPEG,c4677ff7f8f88000,c1a63fdc3ea2c930,2cc4cbcb81920158
0329.JPEG,ffc0f0e3e1606007,e0bf9ae3b1c492c8,1e0fa586c3c7c3be
0330.JPEG,00b89edec8c2e0f0,f41f677178309453,dd60383410968440
0331.JPEG,ffffef8981030604,bfd3952c0b18313d,18441e1b232e3c7c
0332.JPEG,c2ab2fbe9cc0e1e1,ff9d617c94b44803,164a496c31038f8f
0333.JPEG,783cbf761c86c0c0,d4cd6b5a4824b59b,c3602ea6781c0507
0334.JPEG,1f3b9b8998f8df0f,9dc594c61cbcc91d,f47373333141b838
0335.JPEG,1db3fbdba080c0e0,ef8c201b3af8c3e1,31678333434f070f
0336.JPEG,f0f0fefebe1c0000,d6e1691a1696bb25,8482ce6c7c383421
0337.JPEG,ffff7f0c61720000,c696bec53b13212b,cd65a559cdc6e90b
0338.JPEG,1e1e3c3030918303,9e92b17e016dcbc2,b82ce16269252796
0339.JPEG,07079f07210113fe,a5b0986b6395d8ce,bed73456c3c97640
0340.JPEG,e0800a8881e787fe,f759d466ca15c134,04389a5b0d1b0e0c
0341.JPEG,cadaf8e0c0c0c0c0,f99d31380a63c3cb,923640092312110c
0342.JPEG,ff1f113b3f3f80e0,8f8e7095c16e9e70,4e7f2563767e4e80
0343.JPEG,8ccc9d487e50191f,98733e54916b2b96,1838399aaca3b3b6
0344.JPEG,dfc7c3c18081c0c0,fcb1845f4ab08dd4,3636361f21272425
0345.JPEG,dffcff8303030703,add95a293736ccc0,3131e22607762e2e
0346.JPEG,00003c3c2800e3ff,8b1e642dd3c39c6c,32b7f1f959d38784
0347.JPEG,1c1e4f5f791d00ff,9914fe4ae276a469,b43496b4d3f1511a
0348.JPEG,ffdfdb888080c0f0,fc9cc67783528c64,2c3e36151b130c05
0349.jpeg,ffff8181808080c1,fa88e007c17e5e78,070f3523196d0707
0350.JPEG,00000030737f3fff,8678b9a0ec13f52e,80994ee4e7cef9e7
0351.JPEG,be3f7ffc8081cbff,f387877f5c94a120,60dccaa80b0f1bb4
0352.JPEG,fc7e7f0e87000000,d3924a7b7a5288ae,e8d8f8dc2c2a8c01
0353.JPEG,7ffe7f0f0f030000,83d0c86b292e6fe3,c3ccec3f5b6f2f87
0354.JPEG,d84083ff7f270300,a1f85c87c9bc3e21,33cd0f96da6e0642
0355.JPEG,3c7810a3e7fce080,e70959d3a72e4e50,c8d2236fcc800000
0356.JPEG,0f1e3f7e40040c1d,93879b72e9b225c8,b878f4cc929c9939
0357.JPEG,ff1fcf0303000718,b485dc4de131f2b2,e2761cce471f3c39
0358.JPEG,ffffff7cc0c0c0e0,e08ee671a274b768,cdc161d4978e9607
0359.JPEG,f0f9fcfce0602020,c0f82f145547d57c,0599988a84c4c1c7
0360.JPEG,461c708206a084ff,f700b033b467e786,8eb044446c4a2c3e
0361.JPEG,3f70effeecc08100,e1c50c6a92fcb933,e4c35ba4d91b2f3f
0362.JPEG,0030b4fcf8e1eb1f,c646056918b537ef,e6e46c28a10bdafc
0363.JPEG,fe4770e00200fcff,e1209837b3da2f4e,688e83c9ce160040
0364.JPEG,ff0f051c0c0ce7ff,9a5ee4d3dde240a2,d43d3d7139398dae
0365.JPEG,203c800007ffffff,af63c1976368782c,c8e0370f7f78fcf0
0366.JPEG,f920bbb0d8e0633f,e9d78260d8ec9a99,834a4a26134bcff5
0367.JPEG,fcfef7062008030f,d2c6db4b4e2ccc13,e10824e5c98b9e3c
0368.JPEG,fefee0767c000204,d4c896d1d2276b5a,c0e08364a8f2646c
0369.JPEG,cf8e1e0d93878eec,9f0ef26deb1184c4,1d3dbc19677e1c98
0370.JPEG,38f9fefcfcf80800,d1a60757c636c695,e8c39018383818d0
0371.JPEG,090138bf7f4341c3,a99b69209f5bc474,bbbb6078bc8b8b0f
0372.JPEG,00007200c0d0f9fc,e8238a7e1b28d1e7,e581c694063085c0
0373.JPEG,1b1d9cb8f8e0e0ec,cb9ea0618c66cf71,f7716970524a8c88
0374.JPEG,00000c0f07073fff,b270cf2d919232cf,19179d9c5f1f7df3
0375.JPEG,ff3f0f3f381c0000,9fa770d8eeb09051,3d6e7a6b72f15c3f
0376.JPEG,0780ffbf9d018181,be95350b8aa981f9,f6361e296957170f
0377.JPEG,7d39c1e27e310103,aac12fcef0707c19,e363938ec4658b6f
0378.JPEG,3f3f3f00000010fd,8a96ee6163656bc4,6fff7cd8d9fbe601
0379.JPEG,ecc3930380050ff1,bb9dc953d1888aca,590e2f1f090dc903
0380.JPEG,1f1f0f04868202ff,b790896ee229f03d,fd7c1c8d2c065646
0381.JPEG,ffbfdc3f01030103,8ad2bb8d25c5746a,fd3d35fcf7f3f39f
0382.JPEG,4e78d81c3c786500,815c66c31a33ccbf,98e2b2b8ead2c9e9
0383.jpeg,0007feff7ffc1800,91a47a64a9db5639,97cc78f1f6ac3999
0384.JPEG,ffe6c6c0c01000fc,d0b383c9ed0d9c69,c0cd0c109430b0b0
0385.JPEG,800e7e7ebf743830,d73d686aea80e42d,247acef469ecf064
0386.JPEG,ff3f1f1d08201808,8aa0d9c7d2cc66ea,f7faeff9786271b9
0387.JPEG,3efffcf8f8180000,cb92360dc1169fd3,4c41c9f1f17324c0
0388.JPEG,c10388a0c0c0e0ff,ff21a97cc065f062,3372594035192b69
0389.JPEG,ff376f0b18080003,84a4f75dc93393a2,36e6ccb2f3301d8e
0390.JPEG,10787dfbc381839f,a9c01e3fb42dc33a,a2f1c1831f5b373f
0391.JPEG,ffffff2700000001,8397bd5073174279,dc6ced4edbe5921b
0392.JPEG,ffffff7206010100,a4c1ba3a55ed7816,00e6e6c6ec3b2f2f
0393.JPEG,3747770e0f070707,b6c46c6a1b97e0e8,e48686ca18cd2cfc
0394.JPEG,ffffff2301018181,e9c7f569880d8d98,d34c52539b333b1f
0395.JPEG,8304f8f6cac0c1ff,f81e2278b4e2cce9,077d622c1a110f0f
0396.JPEG,ff8f040600c4feff,f61dc0ea2dd5424e,3c387c3e2d0d08a0
0397.JPEG,ffff81818181c1e7,eaced4d88b220b37,31164f4353338f9f
0398.JPEG,ffff170303090b0f,add6d269e41dd222,c0f87676e753b33e
0399.JPEG,e081074f0f9f3f3f,bf606658c143d397,87276e9f3c346040
0400.JPEG,ffffc7879180c040,ba97c14886b1797c,960f0f2d25139b87
0401.JPEG,ff87cf3f1e0c0001,9b9569598ec39a64,d31fbc7c74191b87
0402.JPEG,00808481e38f9efc,ff66d035631a8493,4d3c340347361870
0403.JPEG,fcf8f8f0c0e8c0c0,f88f30ba3e478b21,202012221a13949d
0404.JPEG,607f7f17071b06fc,84e953387274c87f,d5ccf2666cb62c6c
0405.JPEG,fc78bcffa0808000,cac54c64e1f0de4b,e0e060d84b352b33
0406.JPEG,34e3e3fe7a323070,c6b6628f981937d8,e4c706f4f046e3a4
0407.JPEG,fffcf998808081c1,eec8b23e2139e1e1,b121a33333272d2f
0408.JPEG,ffc3939981000001,aaa9b252d8de0b27,130f7733176d4d4d
0409.JPEG,067e42c6f83000ff,d4348b4fb434af49,ecc89eaca062b15c
0410.JPEG,df737f0f0010f107,a895e06a33d8ddf0,97c7f67e1f73871f
0411.JPEG,fefefcf8f8781000,d9d12689ba0ce23f,e0f8f0f0b0d17226
0412.jpeg,7e7c797101010307,80c0d51ff3e5c1f8,d0f0e1cdcb4b1f1f
0413.JPEG,ff80fef180c0c0c0,fe87001fabccd815,4e0d242b0e192613
0414.JPEG,30f0f0f0c0c0c1d1,ecc60c331d37f0c9,62a00100131b1333
0415.JPEG,c0c0c2c2003c7d39,f874eb4b32c0bc43,001ab6a691e1d1f1
0416.JPEG,b48cc8fcfcbc80f1,de16e64ec26c8e68,64381090b8392303
0417.JPEG,3c30487e3c0087ff,c044cf4fd5d470cb,64e1998479233749
0418.JPEG,fff0f040c0c1e0db,edd19ff09085b60c,c8034793830f0736
0419.JPEG,f0f0ffd8c0d000ff,e0c3c766e80c9e3e,c3c02cb385a5270e
0420.JPEG,fffffecc00000000,d0c6a72972588ecf,e864249818189824
0421.JPEG,7710000000c0f2ff,f51ac072b673b885,ccf5330c2e9882a6
0422.JPEG,c0fcfe9e0c010103,d8d6622a3d34ec96,1dd8743039939f07
0423.JPEG,ffbf8beb260c0000,bb8fce92c4c83a61,69731bd35c1d99c7
0424.JPEG,f9ecf8e0060640ff,f34ba814e46b9a1d,03c851ccee9c8f96
0425.JPEG,7c7f63301c070000,8185d0db4e4e67b3,f09ccf63515c0793
0426.JPEG,3f071f1f89000000,ada524a7ef8081af,ee9ef77b69579c94
0427.JPEG,9c79fdf8f8300000,c9da370ef8371630,38eb9993a3634e1e
0428.JPEG,72fcfebc8f0081cf,dec4e06da56494b5,a6f96c5478711f9f
0429.JPEG,1e7ffdf9e1818103,e8c914344ddd9771,72e1c183c70d0f0e
0430.JPEG,ff670b03032303ff,a7d0d066f819cd69,82ccdafa67674f9e
0431.JPEG,4470383e1ec6e1ff,d54d62329d43527d,8ce77078340c4f23
0432.JPEG,f8dfcf91c0e1e1ff,f8988363de4eb170,81961821098b0305
0433.JPEG,0706040872019fff,b514b725c0383fd6,9cdcdc98c64b3fc1
0434.JPEG,818081e0c080c0ff,fa2eab34c06a8f70,232103010c450d0b
0435.JPEG,f8f0e0e0c0000000,e3ce8c9d99909393,62e3cb89094a8c38
0436.JPEG,0f070e8df98188c6,b896b42be84b64ec,1e3cbc39131b189c
0437.JPEG,700107070f77f3ff,a21fed419966e05b,c27e2dedd9c5879e
0438.JPEG,70038cffde9f80e0,bc076e1cc529d953,a72718df3c3c1f07
0439.JPEG,ffff070101010187,aa95d5daf8680e8c,38de779fdfef9f1f
0440.JPEG,fff899190103078f,a8c8f6268e0dfb13,abb43373b52fee3d
0441.JPEG,1c0c0773383020ff,8412fb4aec25ae6b,b898eee6e3e2d79e
0442.JPEG,fffe1e38b1010301,8bd0b6e3ea09153d,68b4f0f3434b5a1e
0443.JPEG,ff0001e4c48c1cfc,fa258f18e48eb22e,ea139d8c9c183968
0444.JPEG,ff9f8d9e0581e0e8,fb9ee1a495d06883,063d793c4d178f92
0445.JPEG,ffffbf3f630180c0,a3967c21817f8675,e42c7c59cbeb0f17
0446.JPEG,005f7fc783c0c1ff,b404c07acf6ade0f,8494e49626150f56
0447.JPEG,20101c1c80c1c3ff,9a4fe761d31b8928,cb63f178199f1f8f
0448.JPEG,fffffc2068080083,d3c0ac1da72b7968,c18081c9c8785b0f
0449.JPEG,f79f0ff0b80000e7,ae8fb564c764821b,667b79a1619f0e0e
0450.JPEG,ff7ffdfe00340000,c2c93e2c3dd7c238,23e1c96a92e17d0d
0451.jpeg,bf838e9fa1808080,bfb484ad8d9c90d2,764f3c3c4b0f7f58
0452.JPEG,ff40083cbcb83880,cbe2b0ebd6829474,4dd979696961491a
0453.JPEG,00002000c0ffffff,e061939b38e6c774,929ac6879e4824e1
0454.JPEG,07170f1f853989c3,aa14e706f41b607f,efe7f3b12dd1530f
0455.JPEG,020333fdfd737e3d,a57534745a958f83,16064363e9e2e6f9
0456.JPEG,f91b010103070f07,bfc9d0c1c9daec80,d37337735b7e3c3e
0457.JPEG,89cffefcb8190307,bfd9214953654655,131808093071370f
0458.JPEG,8f8ffea480c0b8fd,da91b13b3e46c5c2,3818c04529033131
0459.JPEG,f6f67b7891818387,ecc4b672d2a1c9a9,cca4f2f151273e1f
0460.JPEG,3f0b030183ffffff,a80bc3d07cd7971c,f9fb7f273f3ec69e
0461.jpeg,fe1c1dc103838383,b8d0d5e5f074c515,94b9790b1f072f1f
0462.JPEG,031efcf87f3e0083,94da3e25a96af506,77fc4083cefce88e
0463.JPEG,0707f1f8fe9f0701,bde426b1c1ccece0,866f25f2d8377fff
0464.JPEG,f7e3c181800181df,eae7c017965a8cd8,4c0f133b39331931
0465.JPEG,871d7cfce40000e3,d29a2d39f2cac067,1d39c8a948d563ce
0466.JPEG,0f7f8780f1f13001,a69339c43d7b35c0,7cec0c2ba7e7c367
0467.jpeg,7c7ce0ee3e3e0000,d4c3288f45794b6e,d0c88888647435a7
0468.JPEG,7fffbc9880808183,ffd08310a95871e7,f87060334618336b
0469.JPEG,003c1b3f27070f0f,91cc7b62723d2c6c,88f032f8ccdfdab8
0470.JPEG,303e7e793b1e1800,c6c7771f694a84a4,406ce4d1e27c3913
0471.jpeg,3f011f5ff0d0dbff,8c0f874ec78cc787,e517b3b3a035379e
0472.JPEG,63e1e0b8fefc70e0,eb282181b74f5357,c7830161e4c1c24a
0473.JPEG,203c3efef87f2400,d0cd3ae86d973832,c2e4dce2d29cddcc
0474.JPEG,61ffe4e57e3f3800,e3f14887613a3b1b,cf8e098dc6c4e9a3
0475.jpeg,fffff88b000080c0,fa87e080a7bf0578,8d8111333b811507
0476.JPEG,0f0703070d03077f,aa3a92fad2b6c11a,bdbdbf9df9f73fff
0477.JPEG,f0707c787e7e0c04,c0e07e856d4bdb92,87c4d1c3c4e47c2d
0478.JPEG,00000ecfc38383c3,bf03432fe03fc360,5d7a583e3f3f3f07
0479.JPEG,c0603c1f03030101,aad56261b8989c7e,9dcf61739fd33b6f
0480.JPEG,3e1e7c3c09000800,9999303d27e6c66c,f898f1e1fbc2e9e6
0481.JPEG,e0c7c327febefc00,f6a24a15054efcf8,4f0f0f6ece7c7023
0482.JPEG,ff471f3f00810102,ba80b97fdc8c92d0,3f9fbde55d4f3f3e
0483.JPEG,80a000071fcfcfcf,b74ff1cf0a283138,4d4c1c3c7c9e9e9c
0484.jpeg,fffff3c00082433f,f4cb89341333b6e8,d8e2061c040687fa
0485.JPEG,8101fb7b17170301,aaeb743e11c1c966,5b6fd3d3efa3f763
0486.JPEG,07030303010d071f,a9749472dc63cb64,cc16231393cb4f33
0487.JPEG,fefef33f00000187,aec0f15c939de264,58c4a7716d63371f
0488.JPEG,fe1015df68e0c080,fa8676c191b68f42,a82d6918d2d30d0f
0489.jpeg,1f1f3e00e0e0407f,858c9cfab81ce5c5,36f9d6b58c8180f0
0490.JPEG,f0fcfe7e1e180000,d7c66479b161c938,4064e84870310f0f
0491.JPEG,c879dbce860080c3,fdc86852b6db880d,91b3b21c3c340606
0492.jpeg,fffff93000044000,c38db1341c48de6f,bcdbc1e366cdd91d
0493.jpeg,87beff1900300000,8dd53533303dc3f0,0e62e0739943271f
0494.JPEG,fefc00818181c1c3,fad4c1caa52d253c,049c36273d1f1b8f
0495.JPEG,f6646040403f3e7f,80609796699cef7a,ac8d8b9797fcf8d9
0496.JPEG,f2e6c3c18080ffff,fc64855c4ba86da5,e69c0707142f3553
0497.JPEG,fefcfe06110313f3,8cd2d82ce426e5ed,6531d86477d73797
0498.JPEG,f73780a1f1c183e7,ee84b5e3c135f850,47473753c1030e0c
0499.JPEG,113233737b343c10,87ac3c1bf1ca3e09,a7e667c3ca6ce0f0
0500.JPEG,ffe7071f01030101,aad5e4d5d98881ea,1c4ee7f15b6f2f07
0501.JPEG,01387c7c7c000000,d3c72d287ca19e92,83c0e8e8f8a98b19
0502.JPEG,fffff1c180c0e0f0,fe8b83383eb220c7,3983c72f270f89c0
0503.JPEG,00007e3e7e7e7e00,912e6ef12f87b490,0171f8e8d8b8f8f0
0504.JPEG,f930b2200c0ccccc,d2c5f888c9e497d2,d34464c6f8399d19
0505.JPEG,fff702ccf0000000,b4c697e4d83b21e8,64640e39a1ae1a3a
0506.JPEG,191f2f2f7f7f3f3f,801e3f48f961fb13,b17cccddd9e7c6fb
0507.JPEG,fafbfd7dd3808000,edcd757d11121a38,1256f1f136170f0f
0508.JPEG,3f1f0f80a0e0f0e0,f79d80cb2b26b194,76767c4e41466509
0509.JPEG,cd83c101079fa3cf,aa78f59db24ad882,391785073f3b4b2f
0510.JPEG,0f3ffcf8f8723600,c69b370539d26ae2,f8f4c981d4e6e4cc
0511.JPEG,fcffb83c68300000,cbd3b8d983064e78,f89861c8d9630f0f
0512.JPEG,fe7dff7e00000000,d2c0c27ad2d4f46d,f9e166fc311d0307
0513.JPEG,00061f3f1d09c3ff,99167669c3e4cc3a,4f1c75f8f9b38e8c
0514.JPEG,ef3f189c8080f0e0,cc98a335f2b45ad8,9ff3b12c206242c3
0515.JPEG,ffffff000000037c,ba9cd5634ea1631c,c3383ea9690bdef1
0516.JPEG,0c3cf8f0cc88c0fc,da8a9938b4613773,38f1c9c51d310100
0517.JPEG,ffffb1088080e0ff,ef8381629161ec6f,ca4867992405032e
0518.JPEG,f7fffee6fe000000,e0c42f2af57528dc,86c4829694930f0e
0519.JPEG,1034646e1e0f0f81,93476d1c90717c3e,7068ccd8fcbc1a5b
0520.JPEG,9f3371c0c0635ffc,e20e9ca17bb0675c,3ff7e18d8bcf9c40
0521.JPEG,ffd3f3f333210000,adb458139cdba398,b2a6872766cbf292
0522.JPEG,ffff7000061e0000,95a48e97a76cce60,eefc84a6dc74a678
0523.JPEG,ff9868e7c1c1c0fc,e0ca8e3c96b7b183,6133d01e27170ee8
0524.JPEG,33332080fc3d0383,ae86ad9bf4149352,e7e3cd2408f9f706
0525.JPEG,f6f7fefc00000000,f6c6a6266ac29e98,ccc6f08817ee8d1b
0526.JPEG,3f0707fffe0e0404,b7a30215ed1ced34,fecd4d370e7c7c0d
0527.jpeg,1e7e2f6f7c780000,809637d8ba352f39,fce84aaeb1b31226
0528.JPEG,fffd01030781c3e7,a88ac4fd963d4f22,31a1cf370d13178f
0529.JPEG,fffd7632c0000133,e1c69a39dc14e7a8,d7c1e4e6934b9ee6
0530.JPEG,7f3f7fff01000000,a6952e2aff85202f,efece6fe7b157939
0531.JPEG,fcfe4f6f3f391317,87f07ece82603b3c,24949ac9f063676e
0532.JPEG,ffffe0e10181f1e1,ea91d53e916e6550,cccc89c315232b8b
0533.JPEG,071f1f3f1f0b0b00,98807f4772de4a4d,d6b6bbfdf6737e19
0534.JPEG,3f010105cf0b0b07,aa5a94999696c2f9,7c378d7d9b93365e
0535.JPEG,ff1870f3f6d8e0e0,cc8439b8a6e5c967,b4f06766c4910201
0536.JPEG,ffbfa3b004c04046,ee8e98dc964d6922,a72c67696db2b398
0537.JPEG,7f90f077371f1c00,8ec87997a391ad58,f335a7c56d663011
0538.JPEG,7ffc00c0c0c18387,fac387fab13b2006,d960951b0b0f171f
0539.JPEG,1ffff7060e000000,a586ac35313a69f3,76e5656c5e528356
0540.JPEG,dcfeffcf80000101,fed4484a6faa808f,30b4b81d634d6927
0541.JPEG,7020f777331f1c00,85e77b1964d094ba,c24a6ce6e6783013
0542.JPEG,3fbfc38f87818307,bf8581829fab70b2,f357177f7d0f2f3f
0543.JPEG,fffff4cc0800c0f0,daa5e51893f49623,06810419d931b1c1
0544.JPEG,20001c0c918387ff,bf40a42fc2338dce,413979e929771fc6
0545.JPEG,fffff6fa60300000,e5f51a8b31cca626,52cac6c6ce416307
0546.JPEG,ffe7010103030387,aac3f494cb2dc839,afcf1b6bbbb7370f
0547.JPEG,0179ffff30300000,c989342e96b3e2e3,bfd3d3d863670f34
0548.JPEG,ffde8c850063591c,93df88e127a323d8,d031594d5dce91f1
0549.JPEG,c0f1f7c31180019f,e8e2da1e0931e717,01830e8b23273d27
0550.JPEG,c0f3e3c11081019f,ece5d4180939f72c,0286069333271f36
0551.JPEG,86ccfffef88181c2,f8923c2ec4afa1a9,2cb998e08153332e
0552.JPEG,fe7f7c7e8f840400,c2c06a3c2cd757cb,e0e4c0e4171c4de3
0553.JPEG,3f07193081838fff,bf80b037c68a98f9,fc9eb3e143373935
0554.JPEG,dfcfaf0301010303,bbd994e814b4c9c5,38385b5fd3d3b68e
0555.JPEG,007f3f20b0f07676,c61990686e7f9e94,06f2606067e6e6e4
0556.JPEG,020e7ef0f0e0e081,e6943a636ce48f8a,2e3cf084054b0d39
0557.JPEG,fefe80802101f3f7,dcdc848bc84c3aee,30a838324b1b2684
0558.JPEG,ff3f8781830183ef,abd0900be72dada5,b9f93f0b0f330f1f
0559.JPEG,00c0c0f8e0e0fcfd,ea2d876f9ccb3018,63039131818941b1
0560.JPEG,ffd7831f87c10000,aea555d292836997,ce2617fb1d871d3d
0561.JPEG,3e0e66323e3e0e0c,97641897cfe2c4a3,f0fcceeac8fcf8f8
0562.JPEG,80863cf8f8f0e08e,f55d376de9c00c18,461ce08910268c38
0563.JPEG,ffff03ce98808183,bf80aadfd481052f,61959e1c70331b0f
0564.JPEG,d3c3ffff01818181,eec5343157c6942e,a62763e16317272f
0565.JPEG,fe72e0e0fe1e1c00,d5e5189ce57a38c1,80c68a0ae4b43012
0566.JPEG,7f3f1cc0000088f8,d8848f27e1a938db,e260319ac9233331
0567.JPEG,fffec8d2f0a0c20a,d59081ce837c6bd9,f29e1236e644364a
0568.JPEG,ffff7b010100e0e0,e390d4353b1b186f,988ef3d7c7c64841
0569.JPEG,ff1e1c131f070707,9cdcb383afe068b0,647c3437753fae1e
0570.JPEG,e08000003d61f1ff,fb3dfc6b946001c8,01300a7d69c30160
0571.JPEG,0cc2e767600000ff,e171dd1c8393f858,989a8ecdcdafc400
0572.JPEG,fcf838f8fa2a3a00,c9da3e91f8c7028d,f010e1d092da5266
0573.JPEG,fffff1f0c0c0c0c0,f58f831c5d61e071,52700b2230161c08
0574.JPEG,fe3e3c7c88094103,88d63579fec1012f,9c70e9d93393d72f
0575.JPEG,1b0233038383c3e3,ad0bd23daa2a8ad6,73c2666726161e07
0576.JPEG,7f38043f1e1e0206,96c163989767f09c,c0f2896a38b46e2c
0577.JPEG,ffdf9d9c8dc0c143,ba9ee571904643cb,983a2935190b8787
0578.JPEG,ff7fff007f7f0000,83d89f8e4e6fc098,61d0d045f1c04ff0
0579.JPEG,1ffffff170000000,849517366e2b3b33,f8f8f2e3e5ecf8f8
0580.JPEG,0380c4fe9e3f03ff,bf70282fdd03c23c,6b0e0c487a777f1e
0581.JPEG,fffffc3c04048080,de8aedb204c77138,6e4171e03d4c6516
0582.JPEG,c3ec9f9f9f1b0703,b8f262cdbc342ce4,16993c323372fe3e
0583.JPEG,ffe048e0c8e0e1f0,ea93a4b598aa929d,0c9999899a0b0786
0584.JPEG,fffef0808000070f,9fc094079fa0f1e3,fc7093334a3a7678
0585.JPEG,1f0e667e1e0c0800,94943c998d8db2bb,f03ccce078b8538c
0586.JPEG,00001e3f3e3c80fe,940b696a93bec939,e978f4fcece1242e
0587.JPEG,dfc6be1a0f070707,b6dc32a88966d3b2,252c7c76beef0f3e
0588.JPEG,fc828181ffffff3e,bf7ed0d0428a6bc1,09263317373ef0f0
0589.JPEG,f0f0f00083c1e1f1,ef45c7bd97918880,4202a0101f070f0f
0590.JPEG,3ffff440c0830307,b4d087ad1336f272,eeb60dd4922e666e
0591.JPEG,1e3c7c662998c8e0,d3951c1ca791dc59,7aead8cc52309acc
0592.JPEG,0101797fbfbf1b83,89622915f38bde2d,8393e3d97230f217
0593.JPEG,78fcfcff000040e0,c0c0c1282fb7f76b,c181c86423a89c42
0594.JPEG,fefffe7f08080001,9ed4fe0828967553,b47c5cfcf1716933
0595.JPEG,60e0f0e00c000000,e3e303131a6de783,ca09060438d8c180
0596.JPEG,383c1f072f7d00f8,821e49cbb5258e7d,f1e97ccecde19312
0597.JPEG,92715a7e0e0c82ff,944cfe3e827d1a70,24a6b2d694383ecc
0598.JPEG,efcf830787820000,b5b1c1d7964a4a6c,da9a3b5c465e7370
0599.JPEG,38fec48080c4fc38,d0accb062d363cdb,e0c81d16248cd870
0600.JPEG,7f5fcdc3c3818387,bcd0840da52ddbb5,e6b41d170733171e
0601.JPEG,387878793b1e0c08,cdc57b3e2f303450,62d2d2d367343818
0602.JPEG,f0a0e27e3c780402,d5e76c4a9294e863,6647c6fc78b0fcd4
0603.JPEG,ffffef0301000000,ade5d4500c4c5eb7,869e0a671d0b4f36
0604.JPEG,173e7e3c0c08c0e0,9484e52daafa2a6e,e6f6ecf9f93b0180
0605.JPEG,fc3c38383f7f7c38,8a7d52b468646d5b,14f9f3f1f9f6f9f1
0606.JPEG,7f7f1e180c0d0707,9bc4a69bd964603b,c2d4f4b879d97d7e
0607.JPEG,fefef000800003ff,d4d4d77aa82147cc,1434e48ab14d0e66
0608.JPEG,f898d8fe3c7c7800,d8f86de2b3e46842,1130b2b0e8b9d044
0609.JPEG,07070001030b3fff,aa369429e5956ad5,afffedfffbfbfef8
0610.JPEG,3c751d490b030391,abd2d615d3551b18,eda5b9bbbb7b5333
0611.JPEG,8f0f0f2dfc3c0800,93bb3ddfe20080dc,1b3ad8dd69687a0e
0612.JPEG,7020ff7f1b80c0f0,d587633a8ce49a9c,6148d8f6361b0f43
0613.JPEG,ff9f000a0303e3e7,b9dee2b985c19c21,183d3e7ade3bcbcf
0614.JPEG,6f03ff7f8f0e0000,b9a0423e8bcbd0fc,8b9f9edb3b383318
0615.JPEG,fdfce08080c08081,ebc0caca383f702e,f1e0031339114303
0616.JPEG,f0e0e08081e3c1c3,e9d6e1ea64d58509,0208062623831b9b
0617.JPEG,07060101b105bfff,aa5495d7a82a55ea,6c8cc9a563694ddf
0618.JPEG,8087078387b0b0a2,bfb8514e794a84b2,716c7f373764684a
0619.jpeg,fffffe9f00000000,d88de7e29891c666,a1e67438b5834ca9
0620.JPEG,031fffffc7003000,acb10769a1cd6967,b67c32a61d236664
0621.JPEG,1f1f0c9ef3610000,9e981ba4fc1b7330,b9b99935a6cf6b62
0622.JPEG,ffcf038881c1f0f8,f99ac6e2dd462066,28191f1a1b8b47b2
0623.JPEG,fffff7c000a0f4c8,e6ae9903395663c5,5b7204078e492892
0624.JPEG,01001f333f3ff8e0,ccb8738e4eb0989b,334eb0a762e61242
0625.JPEG,c7c70707010303f3,b6b6f439ca320b25,2e0e6f3d1f1f0e06
0626.JPEG,ffff0003f9f9c137,a996d7e88f251a62,76bcd9d7a3b383e6
0627.JPEG,7fffc76138000d04,a2a49d5f4e2b7434,fbde9dc3e158d999
0628.JPEG,f6fffdf9f8800000,ee863635c526ce4c,e4b421c353550d0f
0629.JPEG,ffefa38381c1c3e3,ad9bd0d88ea38a66,c11e4747270f8fc6
0630.JPEG,eff9ffa0f0f8c000,f383a1c137b09397,da8b68446080130f
0631.JPEG,fff8f810a0f01c0f,ccedb2e3278a80f1,4536b2632aa3383c
0632.JPEG,ff188c80c161e3ff,ead881e3bcd59390,41b11c32078bcff0
0633.JPEG,e0e1e3c3870400c7,fbeb4056a2498b93,0b030b270e7c9c0f
0634.JPEG,f9f9fbfb02c6e4e0,e18962142db7f52d,03833373b29c8c0b
0635.JPEG,7f3f3c3cc8c20000,958ba5b1e32af168,dafa70e998948682
0636.JPEG,07070731318181ff,ab11b16ac52bd53c,1f1f5fc36347071e
0637.JPEG,fcf82824f840c0c0,d3cbc8f0d28329d9,b0605b4c188e8511
0638.JPEG,7ffffffd3f008080,a08074bccf613d3f,999d8bcb799f1f03
0639.JPEG,ffff3c1e0d464080,8387e7a13e579149,4ee7f17cf9dcdd17
0640.JPEG,0000f3ff04000c1e,87ea17709587685e,7c7907ffb8df687a
0641.JPEG,e0e0e2f3e707d606,f46952e9eafc1504,818d46858d0e242c
0642.JPEG,ff9f0301004c1e00,98fdd5d0c0dad04d,386e3bb5d4a838de
0643.JPEG,ffc7c3c3c38183ff,bda0932fc21d0bf8,9b9e1716173b1f90
0644.JPEG,fe01000103ffffff,a544c2d3f94cf474,c0e566739a4cf7c9
0645.JPEG,9ffb7d1d0101e0a0,aa99f5341ed898c3,34cbd3f9edc7474f
0646.JPEG,00080818fcf8f8f8,d82233e6253cf713,809010b0f1213012
0647.JPEG,fcbce7e3618080c0,e5975a4fe0a6d026,68584cc6c2100b99
0648.JPEG,fff3e180000183ff,afe0950f903ec837,208707354f636f38
0649.JPEG,3f79797d7d7c1000,c8813d96b41d3d3e,f2d3d3d1a9d12193
0650.JPEG,f8ffffe784848000,f2c149664189ee7d,d184a38e4c0d1810
0651.JPEG,33ffdf070000c3c0,f482ef4b26a51c1d,c7091c8c46811606
0652.JPEG,ffffe78300000000,ad95c24a0f67f452,d8ba0e6633130b83
0653.JPEG,1b1b2c0c86c6e0e2,f50ee13ca6722572,7673cc593c949cce
0654.JPEG,fcfc7e010100c0c0,d287fc282865c7cb,b078e8afcbce233f
0655.JPEG,ffffc18181838387,fec0918dde36c162,50870f27271e1e3c
0656.JPEG,ff7f1f0f00020000,9d81ec60d391bd5a,c4e67ed879363537
0657.JPEG,ff3644e0e00838ff,c3e68e1fc9c99990,60ec9c80d0d9d0f0
0658.JPEG,9f39fa679cc86030,d8884a389ff0f4c7,3973c2cc303098c1
0659.JPEG,ffffffc480000000,f490830f7e50e5b5,595a963c2c265c04
0660.JPEG,0f3f1f070100f17d,af9fc47f30242692,7ef87f7f7f0f2791
0661.JPEG,ffff8f8f1d080100,bbc5e0da86267153,93531f3f79393b8b
0662.JPEG,c3f900607efcfc28,ca2f2bf2a5303cd4,075133ccccb0c9e9
0663.JPEG,ff2381c702b0f0e6,a6a6c1c5b0d8da37,64462fb56e6290ce
0664.JPEG,fc7c78f80810f9f1,c8d2e7383aef2b08,c9e0e1e1bbd7e383
0665.JPEG,bfffc7838181c1e3,ad9ec41c0f393639,73870f0b1b370787
0666.JPEG,ffffcf8f00000000,ba95c4628de6a378,e8383c3c190f0583
0667.JPEG,ffffcf8181010101,fad1d1426b7f0d80,199d1713131b1f3b
0668.JPEG,ffffffff32000000,8dc47935c679bc44,e6e8b0e4663a1be3
0669.JPEG,8080c0ff1903fffe,dd7c702f8f943038,3a3ab8727bde7090
0670.JPEG,3d0143ffbdbf8303,af4005cf8a9ed26e,61d79e1d797b7746
0671.jpeg,fffff8f180808080,eb82b09bb4c6cd38,c6dbe34751511117
0672.JPEG,ffffcf4303038383,b9d0b70205e9c8fb,189c1b9a2f2f0f0f
0673.JPEG,c08080a0fffefef8,d67a6594466314ed,0c011949743c44e2
0674.JPEG,01bc3f8d81c1e1f7,fb1ec46a3e239093,e960d839191b8787
0675.JPEG,c0b0bc988080feff,dd4fe67029d1a3c0,08616833330d1824
0676.JPEG,7ffefe7c1c800101,9195a59b9369c89b,debcb8d079210b17
0677.JPEG,f83eff83038081c3,bfdbc06e2560f0a1,6270591f77250f0e
0678.JPEG,ff3f1f12c8908080,ed85e2c2c2aea4ad,c16232e298302107
0679.JPEG,f0fbbf8381e1e1ff,ee96c562302593db,076474261b0f0707
0680.JPEG,043cb88787c0c0e6,fe0e4372b478ca25,e9e821342e29078c
0681.JPEG,3c7f7e1c7c3a0004,8583274f533e8e65,e0f0e4b8d86486cc
0682.JPEG,ffffcfc024000000,f3b0880b676938b7,ace81c8f4c1183a0
0683.JPEG,f8f0ffb280c0f0ff,d456c879970cb99a,90a02a260812a0f0
0684.JPEG,1f1ed0fc270e0c00,928c2dbb8bd03c2f,7bf434d8c93899c3
0685.JPEG,ff0101000003ffff,ba22da2dd695a196,bd7b5f17071338f8
0686.JPEG,e1e5ff9f18108181,ffc2626239b88ce1,4d4d683872650f0f
0687.JPEG,fc8cec7b87c1e17f,fbda40248dcdf432,503989531f0587d6
0688.JPEG,ff7f135ef00083ef,a489bb66d2390f66,fed6d794c4671e9c
0689.JPEG,00fff86c38010101,c3d03c3f1f3025c7,383981d961279d37
0690.JPEG,3f1192def18383ef,ac8c1763d0b2f764,e93326b0870f0f9c
0691.JPEG,ffff0720f0108013,e6b399cccc632474,03ddcdc5a4a61076
0692.JPEG,ffff7f0c0001030e,b08ea73dd297c518,1eb7f1f8b30f1e9c
0693.JPEG,ffff336181010fff,afc49438ea862cfc,25dc66c3033f7c70
0694.JPEG,fffff3e7e1e16100,e18e0ce11fe36c69,d2e7e74f4b8bc3d6
0695.JPEG,1e062c7e7c3c0c01,929635d9a99e836c,acac6cf1b059b89b
0696.JPEG,fff8c0c0c0c3e7ff,f05b87a8d83533c6,21480c10959f0613
0697.JPEG,c383a33c0e0707ff,b56ce831c1c3a5b3,163766747c2e4d92
0698.JPEG,fefe07c1c0c1c1ff,f8d3c56cd1308b0f,0200cb1b33132786
0699.JPEG,3f3ff31e00010f23,8f87871bd1916e62,70676f78193f7f46
0700.jpeg,ff233d3e1e1c0000,9be365dd94c4d822,724be9ec78b1333e
0701.jpeg,fcbfbf9f9e8cc0e0,fe8f6150e8625d26,907c673f34380d07
0702.JPEG,4e0ff6ff070000ff,b3d0d81db959c474,9add86594cea090f
0703.JPEG,fff770301ebf8080,ff80febf07430019,0c2ec3c47066280b
0704.JPEG,3fffc43c7c400000,d2cf2d89831765a9,e53288e9d998283b
0705.jpeg,fffbfc0100000dff,a2e0b915bd13dd13,8e8789edfff5d93b
0706.JPEG,bcb3d1fcfc780000,ccbe36c1927b29b0,74652310c0d2f10c
0707.JPEG,fff3e3470703070f,acebc91d90b0c397,f363cf9f7fde3e7e
0708.JPEG,fc3d1f7f3d010008,8bc45deec9e1301d,e1f1ddd5f1cdd819
0709.JPEG,818180c0e0e0c0f0,fa2aaeabc01f4554,4543211889180884
0710.jpeg,9f1b808001076867,bfde8118aa5cb642,717264346f3ed2cf
0711.JPEG,ff4f0ffffc300000,a0a024c6deef0f7c,56d6166b5ce1233f
0712.JPEG,30ffff7f3f1f0300,8fc97c1f43205c2f,620ea3cb636a2fc3
0713.JPEG,fbffc9f0f0f06040,e8bd93c4ed0b1899,4206134310a0c9c3
0714.JPEG,1c08faf0d0c0f060,cc1d111b16c6f1ee,f8b22664259286c4
0715.JPEG,e1fbbd8d008e8cc8,fbe961366192c44e,cb537339753c3899
0716.jpeg,78f2f7fdf8e0c080,ec841449d3b2b73e,e4e605810103162f
0717.JPEG,ffffe70101200023,e3d8d5c7897ba030,e0888dc3c74f4acf
0718.JPEG,dfff1f07c1e0b0f0,e091da51b81f593e,98ccfd9f07c06183
0719.JPEG,fffffff0e0000000,a6d98d16c33d0ae3,62f09700cd3d16c3
0720.JPEG,3c1f3fd6cce800f0,d98d0b5bf261e303,6b72a62c290a91e5
0721.JPEG,3800008bfefc7838,cb340bdaa5af3641,f1b91c161c3961e3
0722.JPEG,ffffc7ff38000000,f09465499c73716e,96960c7c71134fa4
0723.jpeg,0003073f6380ffff,a818fa79c19a5e65,3136b6fbd633ffce
0724.JPEG,1f02103e3901ffff,8e14b02993d66eee,d4b6255c63470579
0725.JPEG,c08098dc8b8fe0fe,f97c667399c0902d,163230911a0a0570
0726.JPEG,1fffc1a78381c1c1,ab9ac41a8f3a3665,bf130b6f7b3d0707
0727.jpeg,ffffb3f0c0200000,ef8e91b0e0c3c63c,b83267c3874e1a1a
0728.JPEG,f0f4f07830000606,c6c7b238cbe34a34,c8ecc44260241c0d
0729.JPEG,ffe1e1e1810000c1,ebe3841d9c909799,c7cb4b0933279f39
0730.JPEG,083060c080c7ffff,f249893a78d1b34e,9967cc9e2f0d888c
0731.JPEG,f8c0ceffa387017f,fe524a2a859b946d,29093c5c663d39f7
0732.jpeg,fffbf1070e01071f,a8e1ec381776ca96,8f93e36838393f3a
0733.JPEG,febf1f00050080f9,8e94dd57c668338c,6036f7f9694b0327
0734.JPEG,ffff017ef6700000,c69d3bc0d1292e3e,9c3c6fc2a4e5e61c
0735.JPEG,7fef7f1e04000000,9395ad6a938dacb0,d718fc781c030300
0736.JPEG,6f4f9f00e0c082e6,f580904be11eeb9d,db93330cc6032616
0737.JPEG,ffc78d0303060f1e,b9e09096cddb5853,ba8f1b334e2c78b0
0738.jpeg,ffbf3360fe180001,c9a73ed0e0728da5,09675291a2b39013
0739.JPEG,c77fffd91b070703,a8ea262eac7a72d4,2fc799b336bfbffe
0740.JPEG,e103e3c38383c323,ab72c3505df8e6c0,0f4f072717579b43
0741.JPEG,fffffd8080010197,fac2812bd6279372,cd951921315b3f26
0742.JPEG,fe11797b03078f93,acc0fcf7e4c89123,2427dbe50e5d3b23
0743.jpeg,fffed1bcf9c10100,fcdd31c89e85a838,3a50376031a74f1e
0744.JPEG,fdfffe7c3001030f,aad0bf6b92ba070c,cdc192a1e14f7f7e
0745.JPEG,7ffe7f0f0f030000,83d0c86b292e6fe3,c3ccec3f5b6f2f87
0746.JPEG,8000c0c0cccfffbf,fd6c06799b744990,2206060a1a1a2c78
0747.JPEG,fffdfb7a72310001,caf56ad2b5d2a40a,39296be6c6e5e9d3
0748.jpeg,ffbf0f8280e0f0f8,f6bac0657d6d2118,0a3d3d2e1484c0c0
0749.JPEG,003e0efefd011ff8,9416292bfe1125fe,9bf0dcbc21dfda63
0750.JPEG,bfc13c3c05318b67,8bc3bd2cb09c4f32,731b61e84d6332df
0751.JPEG,ff7ff39280000000,ae808352d8f6e6f8,d9d327263b6b4e3e
0752.JPEG,07070f0efcf8f8f0,97372ee6051939c9,4e6d78dac4091312
0753.JPEG,ffefc0000080f9ff,fb94c32c868cbec8,601929ec1403c3c9
0754.JPEG,fffffff700020601,a4c8d4156b87cd37,91b1b6e79bf4e497
0755.JPEG,000c3af0c1830fbf,bf40143be3c4ef18,c43872400b573c60
0756.JPEG,e0f838ec6401030f,d3c1ed61f2d2490d,489270c9c957361f
0757.JPEG,ffff3f18080706ff,91cfe631d90fac03,78d8e272989e8c8c
0758.JPEG,08007668787c7cbe,c32c3d583ddbb0e0,3364ccc8e0d05868
0759.JPEG,7f793e1f038383c3,adc3c02d9f96b292,e7e3f0773707179f
0760.JPEG,ffd3c0c0e0f0f0f8,eab181ead9759341,c8a71c2603010460
0761.JPEG,0f030937330d0e1e,8fa918aa8495db6b,fddf59e6ef699cbc
0762.JPEG,78f8f8f9f3f6a818,cdc01be6296bb6a1,f0f0e2c3c6644830
0763.JPEG,3701ffff3e070018,88e60c369ea4db9d,c5d5d3e6f89db232
0764.JPEG,ebfdfdfcfcb880c0,cb892979e13f0339,9b936941d0693303
0765.JPEG,fb1c000180c1fbff,ec18c5e6e8e1715a,c27119b333078386
0766.JPEG,6063e3fefce1c60f,f14333539e5c6968,d9cfa234481a1c38
0767.JPEG,f3f7ffffc4808000,e3a00d7cc0ebb9d1,02a7cb89a8345a48
0768.JPEG,fbdf019f00100000,adadedc5c34a4720,63333331aae4f0ea
0769.JPEG,ff1fe3c381c0c0ec,fd84921b8770c37a,59bd060623071989
0770.JPEG,10defefde0000008,ddd41d6f2fe58100,6238e001c30b1b7b
0771.JPEG,01081f4ffb9f0704,ad0972ec6334bd43,cb7bfe9ad3362cc8
0772.JPEG,ffff0ebc000080ff,9f81a16fc7cc9a30,c0dab8707c290706
0773.JPEG,fbf900207c7c0000,cbecedc584262716,e23349e0d0d05058
0774.JPEG,b3f0f1f9f870600c,c5ed16861b36b938,66c21363f3c3ecf8
0775.JPEG,ffbf1f0f03800000,9e9cca68a5b390e9,6170787c3e0d0f47
0776.JPEG,ff06809cc0e0f0f0,f5b7cdc098ca6262,a07e0c3814848201
0777.JPEG,f93f3eb8808480f4,de85a07b6cd89236,13ce78302538192d
0778.JPEG,3838c8fcfc3c1800,c87b0f8ef27c2b20,60f01014c8e1b0e4
0779.JPEG,fff0fee3c180c0c0,f894422fa7969798,4e91b8ab07430905
0780.JPEG,ff3f3f3f81010183,aa80e456f0dbc47d,e4edddd91b6d4b17
0781.JPEG,fffe068b15010000,bcd5d5aaab312432,02b81c172faf1e3f
0782.JPEG,ffe7efc0c0000000,b0a78fc8d8c98b99,e44e4a9c98a96758
0783.JPEG,2060d8b0fbf000e7,e64b2723831ed19b,cec73161c385a5cf
0784.JPEG,0000008080f8fefe,dc29976b35ca6512,3b781133140079cc
0785.JPEG,21f402fffcf8f8c0,c8066dcbbb2f2525,53b4a679f1315316
0786.JPEG,ffc7c6c0c0c0c1e1,f29587e8cc4e9398,960f1c1d999d0d19
0787.JPEG,e09e147cb8f183c3,c65430edc9516e3e,043428c061670e1e
0788.JPEG,38fcfef0f0f0c000,c5cd1b6f2c7182b4,6260d0a6a6c60b6e
0789.JPEG,fffff10103030f3e,abeed411332e60cd,e1e1234bdb9efef8
0790.JPEG,000000f0ff9f1fff,9c63033cf356ed03,79d1222133367cf8
0791.JPEG,ffc6c060060040f0,e194ef0b8fc8c896,4e0c848bc8d9cd4c
0792.JPEG,faf1e0f002f2c000,edcaafc508ccc313,42070ba2920202fa
0793.JPEG,fffdf400000036ff,8ef8b337a906c896,072da5b7f3ececfb
0794.JPEG,08f1ffc7c690807e,eae24978133f9c92,d1c3410d0c361660
0795.JPEG,f9fefc7337330301,a6d059ac6e255b9a,f588c9c76b67474b
0796.JPEG,ffcf878389010081,b998c4ca8ca6e6d3,331a1e3b1b0b0b47
0797.JPEG,1f81c0010303fffc,ae2ad20d9bb8e8d8,7567051b32a624e1
0798.JPEG,031f37039e8e060c,95a84a51762fe24f,bff2273636547c7c
0799.JPEG,ffffff2700000001,8397bd5073174279,dc6ced4edbe5921b
0800.JPEG,bff6c4662100c0f9,ea94dc2b83711a6e,79242dce4b1b0381
0801.JPEG,3e18080c00717e7e,831dc543b5936375,d2f2f278d2c1e0f0
0802.JPEG,ff7f7f3e3c391f00,83e0bccf7785aa50,c7a6d3c6c163747f
0803.JPEG,187cbfc8c7e0f038,db9b4d64384c9c9c,724970299ccce2b1
0804.JPEG,b83e9f8381038f8f,bdcfd24860eca683,73706e2b1b173a1e
0805.JPEG,ffffff030040c0fc,f2aedf61086a807e,cb2e2f9f81900120
0806.JPEG,8103e1c5f9c08003,eaa2154bb2fa43c5,19b78b9d831b331e
0807.JPEG,ffdfc78383016171,a898cb4d8c27973e,f31b1f0f170f47e3
0808.JPEG,9e0cfdf040070f4b,b0de9d3049cc9e99,307865c1999dd696
0809.JPEG,7ffff33e1b010100,a9d1368399db342d,d8ce86f2f2e35307
0810.JPEG,87f7777e3e908080,ff807a1c93794c46,0f07c4f06030330f
0811.JPEG,ff7f20c2ce1e0000,90a78398fa652773,ecfcc6943cb4928c
0812.JPEG,3cb8f9e3c3c10000,f8cb0e31e6e4861d,f051530e1e1fbfb7
0813.JPEG,561f070080e8ffff,ba1485f3748456bd,aca96db53909b37e
0814.JPEG,ef07050707078fdf,b8a2f0f1fc89c05e,9fddfd7f3f9f1fbc
0815.JPEG,ff7d383001818163,cb80b0f8f675b720,88e1434a0b232347
0816.jpeg,e0f8f8fef8f03000,c9e367433306792d,c08092101190e626
0817.JPEG,f4e3e4dcf9f14303,e6d624ca9edc9286,a54ecc30414387cf
0818.JPEG,17030398d8181808,adae23c7585f5304,677737363692f2b3
0819.JPEG,f2f0e0e0e0e0c0e0,e48685a5e4b4c66f,c6c4088888889080
0820.JPEG,ffcf8d0d8181e0e1,ea9be5f484c09267,291b19191b170783
0821.JPEG,fc9d7a7848d080c0,d8833bfb80c5c5aa,7939e2e091232713
0822.JPEG,b8d080010f0f0f7e,9b6eccbb86609714,6125209d589898e0
0823.JPEG,40f0f8f8faf8c000,cd6722f99f3000f3,8d42b27232b090e0
0824.JPEG,ff9f81c0c08133ff,ecf887c6d061683e,a4203397b427666c
0825.JPEG,ffff0d01c2c2c040,b19bcab58c6a417a,bbfb796f1e960581
0826.JPEG,7898fef170b2c0e0,dc09fb0e63a8b750,d3333483c024140c
0827.JPEG,fffeecc3030180f1,fbd0c909a8f3cb41,f170080f277b0b03
0828.JPEG,fff8c1818888040f,fbc085558b33b12b,d0020339593a5c79
0829.JPEG,1f0f0783c9f8fcf8,bb3c8ec9ccc446e2,731b0d169bd999c9
0830.JPEG,ffff9f001430110f,86f5b1c4966ae8b4,c6de2a65e5e3e3bc
0831.JPEG,fef7807c30330000,c6f29094d858573f,a8cf4fe063669cf0
0832.JPEG,f8ff7f0f07030080,a9c85d6f66bb8484,62d1fcdf6f1f1a0a
0833.JPEG,1f3f3f0f04073210,8799cc267b99ac46,fafefc38e8e6e664
0834.JPEG,7b716040c0071fff,a86189b0f197b739,93d3c7859f2f3c78
0835.JPEG,ff97f0c003070f3f,a0f68fb1e0ebc8c8,0b2cc39f9f7fffff
0836.JPEG,10080603fbfbffff,ad0adacd6d24a536,3399cce603d2f1cc
0837.JPEG,7ffcf83c38000000,cfcb300c8f1365ec,f9a8426863a79f2e
0838.JPEG,070d0d0f0f7fff7f,9a3ae6a41fe24e32,bdb9f959d9f38ef0
0839.JPEG,8edfc7202f031e1e,9ef19c39453c259c,3c198f4e4d5f3474
0840.JPEG,c087070f6f677070,a73c56e1700167e7,1e3f7fbfdfcfcec4
0841.JPEG,df8fc32826019183,bff9f89890c86864,195a07525c67274f
0842.JPEG,0400f07f3f1f0600,80687c978bcacde5,b90e83f9fefcdcf1
0843.JPEG,3e3873dde1c10307,83c317ee9294f964,c8e0d6b1830306dc
0844.JPEG,3c06267e3913260f,87cb364edad52a21,dcdcdef0f366cedc
0845.jpeg,ffff7f3f0f010001,8ecee21e97d8a491,e873beff7c6fb3cd
0846.JPEG,403f3c30b0f07277,c6199068667b3e6e,83f2606067e7e6e4
0847.JPEG,1f079298ccf4f0f8,de2dabc2198cc3a3,633b2634188c0441
0848.JPEG,7ffdffe7c4c08000,f2838cd832b787d4,eb634ecc9c91376f
0849.JPEG,7f3f3c1800407878,c1bb9561b7c850c7,fadbf1b1cb80e0f0
0850.JPEG,ffef797e5c000000,d1c3a73c90876fc8,4c18d3d8b13d73c2
0851.JPEG,b059c9ff1900e1ff,ea11e06fc7e73089,45b3b36e73150333
0852.JPEG,10c07d7fffe1f100,c00b6efc9d840fcb,6383c1dcf2868303
0853.JPEG,f97a7efffa0c0000,c6c5639bccc2d25c,41d6f0e2b0592987
0854.JPEG,fffff9000002367f,87fb811458d6da8b,066b2ba3f364e4fb
0855.JPEG,ffff77c18000043f,ace8865fe9029e27,d863e5971675edfe
0856.JPEG,f8f0e0802c3d0907,ebe5a08b1529cb17,d30603266c7173dd
0857.JPEG,ff7fffe000000000,b9c09039c2f4e5ee,9cb9e641531b3e38
0858.JPEG,fff3a30111d38705,aec1b3dc0893a5c7,f3a7437537262d2d
0859.JPEG,020203018181f3ff,aa15d5748aa79ae4,ac9c3f4f2f2706e1
0860.JPEG,1f1f1f0f03030707,a0da9666338eece1,7dbd33bb8b2fcede
0861.JPEG,ffff272320404161,c19ec8dc85f83cf0,20708bcbccd59bcb
0862.JPEG,000080ff7ff8e3f8,d31f680b87b4781b,104918ecd90886c3
0863.JPEG,fef8cfe7e3000000,f0d85cdaf51712e0,20b09c0e8f2d4327
0864.JPEG,3b079e0e070d031f,94d4ed63850bdc9c,d2bcbcfcccd95b76
0865.JPEG,874f0f0380e0f1ff,be91d1643c2d5696,3edf5e372707031b
0866.JPEG,0827f78383870707,afc842591d75d81e,f3c7274e7a1f2f3e
0867.JPEG,e7fffffaf8600000,e4e62240f7209bdf,cc87a3c200d0870f
0868.jpeg,000001e701bcffff,bb3bcc4eb0e0cc0d,495b539d4d716171
0869.JPEG,fffffbf8e039170f,8be1bcc2708e697c,c85b524881cb6c34
0870.JPEG,ffffd3400000007f,b0ed8f52d5688a3c,e11e379714adadfe
0871.JPEG,dfcfc7ff81008080,fa981c0dcca4657e,353d1c0d291b0f03
0872.JPEG,ffff7b010100e0e0,e390d4353b1b186f,988ef3d7c7c64841
0873.JPEG,ffff83830d0c00e1,fb94c0538c6eb16a,708c2f3719d80187
0874.JPEG,ff1f1f8f86c2f0f0,b9bac0e1534f4267,cb3a3f391e969283
0875.JPEG,ffff7f3f11000000,90a4f07e3fe77028,3cb69e6967b09298
0876.JPEG,ff0208fe1800ffff,d015a66ec7f1720b,1476989861250144
0877.JPEG,f0b0c1c083170707,fecb128761e8a929,816417154f6d353d
0878.JPEG,3f3ff638180000e0,8685a70ecd07f27c,fcf88ee2322c6503
0879.JPEG,3c7eff6101520704,c4c7961c2b28e0ff,e4e083c31ba6b5cc
0880.JPEG,79f8faeb09040181,e9c12e0aad8bf60d,c3c3909a9bad3b33
0881.JPEG,fffff1fb00001c19,dced9d1431c3434b,323363a2bc707871
0882.JPEG,ffffdfff30000000,fa95330cc2c63d4e,771e1cc4e137050b
0883.JPEG,ffff5f0380c0f0ff,ec95c36a3faf8090,62b1dc36110343b0
0884.JPEG,bf3f73d3000101ff,ae94923bd27fe104,2df7e623a45b7fcf
0885.JPEG,00e6d080c0f0f0fe,f02f960bb109dc6e,b9442a1a9a55a19c
0886.JPEG,1971e0c3c70f0f1f,a86a8e189a3e3f78,31c3070e8e1f3e7e
0887.JPEG,fffff06840020604,d4c8beb08a073e7c,e48464c9948c0c2c
0888.JPEG,3e3cf88001070709,8ad49bb239e4e985,f8f8f0093fbbfbfb
0889.JPEG,0000000ec7f7ffff,b659cce294934fa4,e104115c1fcd8e77
0890.JPEG,fffff8f808000100,cbc536b25cc8417b,e7c652d2f8b97d73
0891.jpeg,40505fb7b99fcace,f800506eef3fab11,9390dc4763233a9c
0892.JPEG,00777fe0f0f0a0c7,e4803b7f7037cbc0,94c4c08484434f9f
0893.JPEG,fffe383c10000000,ccdfb1a6b222292d,cc3072e06427878f
0894.JPEG,7cfe7f3f31210000,83d0586b0d9bab6d,d9fcfc74e34b5370
0895.JPEG,fe7cffffff7a0000,c0b15ab56c94ed9a,fcc8d0c2c6c2f8e1
0896.JPEG,fc7cfffffe7400f0,c0955a52bd4ab54f,79d0d29686c4e1e3
0897.JPEG,0f0f07373b63030f,a1b312e9cbe4e62a,da3e6ee7db8697f9
0898.JPEG,e0fef7ff0080c080,f7e1796049f82178,00480640436c0838
0899.JPEG,fefefcf8f0e0c040,d3c738838c715dc9,60680000e04999a3
0900.JPEG,0f4f0f0fdbc1e080,b991b1e29b0d6c4e,9a9c3ade33070710
0901.JPEG,fffff8f0d0800000,cb8aacbdc1453e1a,06a1e1c08010000b
0902.JPEG,fdfffffc1c024000,d09b600e4bf0757b,e9ac9cb070b69090
0903.JPEG,3f3f0f0f0f070202,8589ccaedb757190,67f3bafe7b2e86f6
0904.JPEG,e9ffd8c0808080f8,f9a9c873f0607949,133313072b0d2321
0905.JPEG,e0e0f0fce0c080e0,faf1612ad71cc870,020800480d011101
0906.JPEG,830f1f337733131f,8c333364ed6dc8d2,167cb8f7e5e6f638
0907.JPEG,30200060e081efff,e7448c2ec68f3ed0,67c66acbcb2f4fce
0908.jpeg,7f7fc6e71f1b0000,b6d34b89a4757432,cbe80ccef7771f0d
0909.JPEG,007ce8c8f8e0e0d0,d7830e161c387bf1,74c00818000c1011
0910.JPEG,ff3f0d1837e24006,a29ad1e48c49f5a7,64e9e9316f0e838c
0911.JPEG,fefbefc703000408,b4e1cd4ebeb08b81,72c6de1e2f2c1c78
0912.JPEG,e0fcfcfee6030000,f1ca2b2de15e3470,4741848c9e9e5a96
0913.JPEG,f9f8f9e10180030f,eacb956a82accda1,435903c559153f1e
0914.JPEG,fcc000f0f2f00306,e4d933f2e4ab1c21,1810726386658b36
0915.JPEG,01fffff2e0480c00,fbac183b2d58c9c1,1b0890c6cbd9d999
0916.JPEG,e0c078fcf0e08682,d4c07171fbf6c40c,9080f464210e0c2e
0917.jpeg,3fffff00004040fe,d0b79f602e2be81a,fb7c988394919070
0918.JPEG,6313131f01035fff,a84f9763d3903f42,c77737b5a727bf3d
0919.JPEG,11187d3f23100c1f,8dc95a27b796ca60,6333f16ec6623075
0920.jpeg,ff0f0321716be048,abaadcc94c67b058,f3fb9fcfa3cbcd90
